x	y	group	clickSelects	xmin	xmax	ymin	ymax
-113.8	-21.2	1	1-1	-115.052173913043	-112.547826086957	-22.4478260869565	-19.9521739130435
-113.8	1.26086956521739	2	1-10	-115.052173913043	-112.547826086957	0.0130434782608913	2.50869565217389
-113.8	3.75652173913044	3	1-11	-115.052173913043	-112.547826086957	2.50869565217394	5.00434782608694
-113.8	6.25217391304348	4	1-12	-115.052173913043	-112.547826086957	5.00434782608698	7.49999999999998
-113.8	8.74782608695653	5	1-13	-115.052173913043	-112.547826086957	7.50000000000003	9.99565217391303
-113.8	11.2434782608696	6	1-14	-115.052173913043	-112.547826086957	9.9956521739131	12.4913043478261
-113.8	13.7391304347826	7	1-15	-115.052173913043	-112.547826086957	12.4913043478261	14.9869565217391
-113.8	16.2347826086957	8	1-16	-115.052173913043	-112.547826086957	14.9869565217392	17.4826086956522
-113.8	18.7304347826087	9	1-17	-115.052173913043	-112.547826086957	17.4826086956522	19.9782608695652
-113.8	21.2260869565217	10	1-18	-115.052173913043	-112.547826086957	19.9782608695652	22.4739130434782
-113.8	23.7217391304348	11	1-19	-115.052173913043	-112.547826086957	22.4739130434783	24.9695652173913
-113.8	-18.704347826087	12	1-2	-115.052173913043	-112.547826086957	-19.9521739130435	-17.4565217391305
-113.8	26.2173913043478	13	1-20	-115.052173913043	-112.547826086957	24.9695652173913	27.4652173913043
-113.8	28.7130434782609	14	1-21	-115.052173913043	-112.547826086957	27.4652173913044	29.9608695652174
-113.8	31.2086956521739	15	1-22	-115.052173913043	-112.547826086957	29.9608695652174	32.4565217391304
-113.8	33.704347826087	16	1-23	-115.052173913043	-112.547826086957	32.4565217391305	34.9521739130435
-113.8	36.2	17	1-24	-115.052173913043	-112.547826086957	34.9521739130435	37.4478260869565
-113.8	-16.2086956521739	18	1-3	-115.052173913043	-112.547826086957	-17.4565217391304	-14.9608695652174
-113.8	-13.7130434782609	19	1-4	-115.052173913043	-112.547826086957	-14.9608695652174	-12.4652173913044
-113.8	-11.2173913043478	20	1-5	-115.052173913043	-112.547826086957	-12.4652173913043	-9.9695652173913
-113.8	-8.72173913043478	21	1-6	-115.052173913043	-112.547826086957	-9.96956521739128	-7.47391304347828
-113.8	-6.22608695652174	22	1-7	-115.052173913043	-112.547826086957	-7.47391304347824	-4.97826086956524
-113.8	-3.73043478260869	23	1-8	-115.052173913043	-112.547826086957	-4.97826086956519	-2.48260869565219
-113.8	-1.23478260869565	24	1-9	-115.052173913043	-112.547826086957	-2.48260869565215	0.0130434782608488
-91.2608695652174	-21.2	25	10-1	-92.5130434782608	-90.008695652174	-22.4478260869565	-19.9521739130435
-91.2608695652174	1.26086956521739	26	10-10	-92.5130434782608	-90.008695652174	0.0130434782608913	2.50869565217389
-91.2608695652174	3.75652173913044	27	10-11	-92.5130434782608	-90.008695652174	2.50869565217394	5.00434782608694
-91.2608695652174	6.25217391304348	28	10-12	-92.5130434782608	-90.008695652174	5.00434782608698	7.49999999999998
-91.2608695652174	8.74782608695653	29	10-13	-92.5130434782608	-90.008695652174	7.50000000000003	9.99565217391303
-91.2608695652174	11.2434782608696	30	10-14	-92.5130434782608	-90.008695652174	9.9956521739131	12.4913043478261
-91.2608695652174	13.7391304347826	31	10-15	-92.5130434782608	-90.008695652174	12.4913043478261	14.9869565217391
-91.2608695652174	16.2347826086957	32	10-16	-92.5130434782608	-90.008695652174	14.9869565217392	17.4826086956522
-91.2608695652174	18.7304347826087	33	10-17	-92.5130434782608	-90.008695652174	17.4826086956522	19.9782608695652
-91.2608695652174	21.2260869565217	34	10-18	-92.5130434782608	-90.008695652174	19.9782608695652	22.4739130434782
-91.2608695652174	23.7217391304348	35	10-19	-92.5130434782608	-90.008695652174	22.4739130434783	24.9695652173913
-91.2608695652174	-18.704347826087	36	10-2	-92.5130434782608	-90.008695652174	-19.9521739130435	-17.4565217391305
-91.2608695652174	26.2173913043478	37	10-20	-92.5130434782608	-90.008695652174	24.9695652173913	27.4652173913043
-91.2608695652174	28.7130434782609	38	10-21	-92.5130434782608	-90.008695652174	27.4652173913044	29.9608695652174
-91.2608695652174	31.2086956521739	39	10-22	-92.5130434782608	-90.008695652174	29.9608695652174	32.4565217391304
-91.2608695652174	33.704347826087	40	10-23	-92.5130434782608	-90.008695652174	32.4565217391305	34.9521739130435
-91.2608695652174	36.2	41	10-24	-92.5130434782608	-90.008695652174	34.9521739130435	37.4478260869565
-91.2608695652174	-16.2086956521739	42	10-3	-92.5130434782608	-90.008695652174	-17.4565217391304	-14.9608695652174
-91.2608695652174	-13.7130434782609	43	10-4	-92.5130434782608	-90.008695652174	-14.9608695652174	-12.4652173913044
-91.2608695652174	-11.2173913043478	44	10-5	-92.5130434782608	-90.008695652174	-12.4652173913043	-9.9695652173913
-91.2608695652174	-8.72173913043478	45	10-6	-92.5130434782608	-90.008695652174	-9.96956521739128	-7.47391304347828
-91.2608695652174	-6.22608695652174	46	10-7	-92.5130434782608	-90.008695652174	-7.47391304347824	-4.97826086956524
-91.2608695652174	-3.73043478260869	47	10-8	-92.5130434782608	-90.008695652174	-4.97826086956519	-2.48260869565219
-91.2608695652174	-1.23478260869565	48	10-9	-92.5130434782608	-90.008695652174	-2.48260869565215	0.0130434782608488
-88.7565217391304	-21.2	49	11-1	-90.0086956521738	-87.504347826087	-22.4478260869565	-19.9521739130435
-88.7565217391304	1.26086956521739	50	11-10	-90.0086956521738	-87.504347826087	0.0130434782608913	2.50869565217389
-88.7565217391304	3.75652173913044	51	11-11	-90.0086956521738	-87.504347826087	2.50869565217394	5.00434782608694
-88.7565217391304	6.25217391304348	52	11-12	-90.0086956521738	-87.504347826087	5.00434782608698	7.49999999999998
-88.7565217391304	8.74782608695653	53	11-13	-90.0086956521738	-87.504347826087	7.50000000000003	9.99565217391303
-88.7565217391304	11.2434782608696	54	11-14	-90.0086956521738	-87.504347826087	9.9956521739131	12.4913043478261
-88.7565217391304	13.7391304347826	55	11-15	-90.0086956521738	-87.504347826087	12.4913043478261	14.9869565217391
-88.7565217391304	16.2347826086957	56	11-16	-90.0086956521738	-87.504347826087	14.9869565217392	17.4826086956522
-88.7565217391304	18.7304347826087	57	11-17	-90.0086956521738	-87.504347826087	17.4826086956522	19.9782608695652
-88.7565217391304	21.2260869565217	58	11-18	-90.0086956521738	-87.504347826087	19.9782608695652	22.4739130434782
-88.7565217391304	23.7217391304348	59	11-19	-90.0086956521738	-87.504347826087	22.4739130434783	24.9695652173913
-88.7565217391304	-18.704347826087	60	11-2	-90.0086956521738	-87.504347826087	-19.9521739130435	-17.4565217391305
-88.7565217391304	26.2173913043478	61	11-20	-90.0086956521738	-87.504347826087	24.9695652173913	27.4652173913043
-88.7565217391304	28.7130434782609	62	11-21	-90.0086956521738	-87.504347826087	27.4652173913044	29.9608695652174
-88.7565217391304	31.2086956521739	63	11-22	-90.0086956521738	-87.504347826087	29.9608695652174	32.4565217391304
-88.7565217391304	33.704347826087	64	11-23	-90.0086956521738	-87.504347826087	32.4565217391305	34.9521739130435
-88.7565217391304	36.2	65	11-24	-90.0086956521738	-87.504347826087	34.9521739130435	37.4478260869565
-88.7565217391304	-16.2086956521739	66	11-3	-90.0086956521738	-87.504347826087	-17.4565217391304	-14.9608695652174
-88.7565217391304	-13.7130434782609	67	11-4	-90.0086956521738	-87.504347826087	-14.9608695652174	-12.4652173913044
-88.7565217391304	-11.2173913043478	68	11-5	-90.0086956521738	-87.504347826087	-12.4652173913043	-9.9695652173913
-88.7565217391304	-8.72173913043478	69	11-6	-90.0086956521738	-87.504347826087	-9.96956521739128	-7.47391304347828
-88.7565217391304	-6.22608695652174	70	11-7	-90.0086956521738	-87.504347826087	-7.47391304347824	-4.97826086956524
-88.7565217391304	-3.73043478260869	71	11-8	-90.0086956521738	-87.504347826087	-4.97826086956519	-2.48260869565219
-88.7565217391304	-1.23478260869565	72	11-9	-90.0086956521738	-87.504347826087	-2.48260869565215	0.0130434782608488
-86.2521739130435	-21.2	73	12-1	-87.5043478260869	-85.0000000000002	-22.4478260869565	-19.9521739130435
-86.2521739130435	1.26086956521739	74	12-10	-87.5043478260869	-85.0000000000002	0.0130434782608913	2.50869565217389
-86.2521739130435	3.75652173913044	75	12-11	-87.5043478260869	-85.0000000000002	2.50869565217394	5.00434782608694
-86.2521739130435	6.25217391304348	76	12-12	-87.5043478260869	-85.0000000000002	5.00434782608698	7.49999999999998
-86.2521739130435	8.74782608695653	77	12-13	-87.5043478260869	-85.0000000000002	7.50000000000003	9.99565217391303
-86.2521739130435	11.2434782608696	78	12-14	-87.5043478260869	-85.0000000000002	9.9956521739131	12.4913043478261
-86.2521739130435	13.7391304347826	79	12-15	-87.5043478260869	-85.0000000000002	12.4913043478261	14.9869565217391
-86.2521739130435	16.2347826086957	80	12-16	-87.5043478260869	-85.0000000000002	14.9869565217392	17.4826086956522
-86.2521739130435	18.7304347826087	81	12-17	-87.5043478260869	-85.0000000000002	17.4826086956522	19.9782608695652
-86.2521739130435	21.2260869565217	82	12-18	-87.5043478260869	-85.0000000000002	19.9782608695652	22.4739130434782
-86.2521739130435	23.7217391304348	83	12-19	-87.5043478260869	-85.0000000000002	22.4739130434783	24.9695652173913
-86.2521739130435	-18.704347826087	84	12-2	-87.5043478260869	-85.0000000000002	-19.9521739130435	-17.4565217391305
-86.2521739130435	26.2173913043478	85	12-20	-87.5043478260869	-85.0000000000002	24.9695652173913	27.4652173913043
-86.2521739130435	28.7130434782609	86	12-21	-87.5043478260869	-85.0000000000002	27.4652173913044	29.9608695652174
-86.2521739130435	31.2086956521739	87	12-22	-87.5043478260869	-85.0000000000002	29.9608695652174	32.4565217391304
-86.2521739130435	33.704347826087	88	12-23	-87.5043478260869	-85.0000000000002	32.4565217391305	34.9521739130435
-86.2521739130435	36.2	89	12-24	-87.5043478260869	-85.0000000000002	34.9521739130435	37.4478260869565
-86.2521739130435	-16.2086956521739	90	12-3	-87.5043478260869	-85.0000000000002	-17.4565217391304	-14.9608695652174
-86.2521739130435	-13.7130434782609	91	12-4	-87.5043478260869	-85.0000000000002	-14.9608695652174	-12.4652173913044
-86.2521739130435	-11.2173913043478	92	12-5	-87.5043478260869	-85.0000000000002	-12.4652173913043	-9.9695652173913
-86.2521739130435	-8.72173913043478	93	12-6	-87.5043478260869	-85.0000000000002	-9.96956521739128	-7.47391304347828
-86.2521739130435	-6.22608695652174	94	12-7	-87.5043478260869	-85.0000000000002	-7.47391304347824	-4.97826086956524
-86.2521739130435	-3.73043478260869	95	12-8	-87.5043478260869	-85.0000000000002	-4.97826086956519	-2.48260869565219
-86.2521739130435	-1.23478260869565	96	12-9	-87.5043478260869	-85.0000000000002	-2.48260869565215	0.0130434782608488
-83.7478260869565	-21.2	97	13-1	-84.9999999999998	-82.4956521739131	-22.4478260869565	-19.9521739130435
-83.7478260869565	1.26086956521739	98	13-10	-84.9999999999998	-82.4956521739131	0.0130434782608913	2.50869565217389
-83.7478260869565	3.75652173913044	99	13-11	-84.9999999999998	-82.4956521739131	2.50869565217394	5.00434782608694
-83.7478260869565	6.25217391304348	100	13-12	-84.9999999999998	-82.4956521739131	5.00434782608698	7.49999999999998
-83.7478260869565	8.74782608695653	101	13-13	-84.9999999999998	-82.4956521739131	7.50000000000003	9.99565217391303
-83.7478260869565	11.2434782608696	102	13-14	-84.9999999999998	-82.4956521739131	9.9956521739131	12.4913043478261
-83.7478260869565	13.7391304347826	103	13-15	-84.9999999999998	-82.4956521739131	12.4913043478261	14.9869565217391
-83.7478260869565	16.2347826086957	104	13-16	-84.9999999999998	-82.4956521739131	14.9869565217392	17.4826086956522
-83.7478260869565	18.7304347826087	105	13-17	-84.9999999999998	-82.4956521739131	17.4826086956522	19.9782608695652
-83.7478260869565	21.2260869565217	106	13-18	-84.9999999999998	-82.4956521739131	19.9782608695652	22.4739130434782
-83.7478260869565	23.7217391304348	107	13-19	-84.9999999999998	-82.4956521739131	22.4739130434783	24.9695652173913
-83.7478260869565	-18.704347826087	108	13-2	-84.9999999999998	-82.4956521739131	-19.9521739130435	-17.4565217391305
-83.7478260869565	26.2173913043478	109	13-20	-84.9999999999998	-82.4956521739131	24.9695652173913	27.4652173913043
-83.7478260869565	28.7130434782609	110	13-21	-84.9999999999998	-82.4956521739131	27.4652173913044	29.9608695652174
-83.7478260869565	31.2086956521739	111	13-22	-84.9999999999998	-82.4956521739131	29.9608695652174	32.4565217391304
-83.7478260869565	33.704347826087	112	13-23	-84.9999999999998	-82.4956521739131	32.4565217391305	34.9521739130435
-83.7478260869565	36.2	113	13-24	-84.9999999999998	-82.4956521739131	34.9521739130435	37.4478260869565
-83.7478260869565	-16.2086956521739	114	13-3	-84.9999999999998	-82.4956521739131	-17.4565217391304	-14.9608695652174
-83.7478260869565	-13.7130434782609	115	13-4	-84.9999999999998	-82.4956521739131	-14.9608695652174	-12.4652173913044
-83.7478260869565	-11.2173913043478	116	13-5	-84.9999999999998	-82.4956521739131	-12.4652173913043	-9.9695652173913
-83.7478260869565	-8.72173913043478	117	13-6	-84.9999999999998	-82.4956521739131	-9.96956521739128	-7.47391304347828
-83.7478260869565	-6.22608695652174	118	13-7	-84.9999999999998	-82.4956521739131	-7.47391304347824	-4.97826086956524
-83.7478260869565	-3.73043478260869	119	13-8	-84.9999999999998	-82.4956521739131	-4.97826086956519	-2.48260869565219
-83.7478260869565	-1.23478260869565	120	13-9	-84.9999999999998	-82.4956521739131	-2.48260869565215	0.0130434782608488
-81.2434782608696	-21.2	121	14-1	-82.495652173913	-79.9913043478262	-22.4478260869565	-19.9521739130435
-81.2434782608696	1.26086956521739	122	14-10	-82.495652173913	-79.9913043478262	0.0130434782608913	2.50869565217389
-81.2434782608696	3.75652173913044	123	14-11	-82.495652173913	-79.9913043478262	2.50869565217394	5.00434782608694
-81.2434782608696	6.25217391304348	124	14-12	-82.495652173913	-79.9913043478262	5.00434782608698	7.49999999999998
-81.2434782608696	8.74782608695653	125	14-13	-82.495652173913	-79.9913043478262	7.50000000000003	9.99565217391303
-81.2434782608696	11.2434782608696	126	14-14	-82.495652173913	-79.9913043478262	9.9956521739131	12.4913043478261
-81.2434782608696	13.7391304347826	127	14-15	-82.495652173913	-79.9913043478262	12.4913043478261	14.9869565217391
-81.2434782608696	16.2347826086957	128	14-16	-82.495652173913	-79.9913043478262	14.9869565217392	17.4826086956522
-81.2434782608696	18.7304347826087	129	14-17	-82.495652173913	-79.9913043478262	17.4826086956522	19.9782608695652
-81.2434782608696	21.2260869565217	130	14-18	-82.495652173913	-79.9913043478262	19.9782608695652	22.4739130434782
-81.2434782608696	23.7217391304348	131	14-19	-82.495652173913	-79.9913043478262	22.4739130434783	24.9695652173913
-81.2434782608696	-18.704347826087	132	14-2	-82.495652173913	-79.9913043478262	-19.9521739130435	-17.4565217391305
-81.2434782608696	26.2173913043478	133	14-20	-82.495652173913	-79.9913043478262	24.9695652173913	27.4652173913043
-81.2434782608696	28.7130434782609	134	14-21	-82.495652173913	-79.9913043478262	27.4652173913044	29.9608695652174
-81.2434782608696	31.2086956521739	135	14-22	-82.495652173913	-79.9913043478262	29.9608695652174	32.4565217391304
-81.2434782608696	33.704347826087	136	14-23	-82.495652173913	-79.9913043478262	32.4565217391305	34.9521739130435
-81.2434782608696	36.2	137	14-24	-82.495652173913	-79.9913043478262	34.9521739130435	37.4478260869565
-81.2434782608696	-16.2086956521739	138	14-3	-82.495652173913	-79.9913043478262	-17.4565217391304	-14.9608695652174
-81.2434782608696	-13.7130434782609	139	14-4	-82.495652173913	-79.9913043478262	-14.9608695652174	-12.4652173913044
-81.2434782608696	-11.2173913043478	140	14-5	-82.495652173913	-79.9913043478262	-12.4652173913043	-9.9695652173913
-81.2434782608696	-8.72173913043478	141	14-6	-82.495652173913	-79.9913043478262	-9.96956521739128	-7.47391304347828
-81.2434782608696	-6.22608695652174	142	14-7	-82.495652173913	-79.9913043478262	-7.47391304347824	-4.97826086956524
-81.2434782608696	-3.73043478260869	143	14-8	-82.495652173913	-79.9913043478262	-4.97826086956519	-2.48260869565219
-81.2434782608696	-1.23478260869565	144	14-9	-82.495652173913	-79.9913043478262	-2.48260869565215	0.0130434782608488
-78.7391304347826	-21.2	145	15-1	-79.991304347826	-77.4869565217392	-22.4478260869565	-19.9521739130435
-78.7391304347826	1.26086956521739	146	15-10	-79.991304347826	-77.4869565217392	0.0130434782608913	2.50869565217389
-78.7391304347826	3.75652173913044	147	15-11	-79.991304347826	-77.4869565217392	2.50869565217394	5.00434782608694
-78.7391304347826	6.25217391304348	148	15-12	-79.991304347826	-77.4869565217392	5.00434782608698	7.49999999999998
-78.7391304347826	8.74782608695653	149	15-13	-79.991304347826	-77.4869565217392	7.50000000000003	9.99565217391303
-78.7391304347826	11.2434782608696	150	15-14	-79.991304347826	-77.4869565217392	9.9956521739131	12.4913043478261
-78.7391304347826	13.7391304347826	151	15-15	-79.991304347826	-77.4869565217392	12.4913043478261	14.9869565217391
-78.7391304347826	16.2347826086957	152	15-16	-79.991304347826	-77.4869565217392	14.9869565217392	17.4826086956522
-78.7391304347826	18.7304347826087	153	15-17	-79.991304347826	-77.4869565217392	17.4826086956522	19.9782608695652
-78.7391304347826	21.2260869565217	154	15-18	-79.991304347826	-77.4869565217392	19.9782608695652	22.4739130434782
-78.7391304347826	23.7217391304348	155	15-19	-79.991304347826	-77.4869565217392	22.4739130434783	24.9695652173913
-78.7391304347826	-18.704347826087	156	15-2	-79.991304347826	-77.4869565217392	-19.9521739130435	-17.4565217391305
-78.7391304347826	26.2173913043478	157	15-20	-79.991304347826	-77.4869565217392	24.9695652173913	27.4652173913043
-78.7391304347826	28.7130434782609	158	15-21	-79.991304347826	-77.4869565217392	27.4652173913044	29.9608695652174
-78.7391304347826	31.2086956521739	159	15-22	-79.991304347826	-77.4869565217392	29.9608695652174	32.4565217391304
-78.7391304347826	33.704347826087	160	15-23	-79.991304347826	-77.4869565217392	32.4565217391305	34.9521739130435
-78.7391304347826	36.2	161	15-24	-79.991304347826	-77.4869565217392	34.9521739130435	37.4478260869565
-78.7391304347826	-16.2086956521739	162	15-3	-79.991304347826	-77.4869565217392	-17.4565217391304	-14.9608695652174
-78.7391304347826	-13.7130434782609	163	15-4	-79.991304347826	-77.4869565217392	-14.9608695652174	-12.4652173913044
-78.7391304347826	-11.2173913043478	164	15-5	-79.991304347826	-77.4869565217392	-12.4652173913043	-9.9695652173913
-78.7391304347826	-8.72173913043478	165	15-6	-79.991304347826	-77.4869565217392	-9.96956521739128	-7.47391304347828
-78.7391304347826	-6.22608695652174	166	15-7	-79.991304347826	-77.4869565217392	-7.47391304347824	-4.97826086956524
-78.7391304347826	-3.73043478260869	167	15-8	-79.991304347826	-77.4869565217392	-4.97826086956519	-2.48260869565219
-78.7391304347826	-1.23478260869565	168	15-9	-79.991304347826	-77.4869565217392	-2.48260869565215	0.0130434782608488
-76.2347826086957	-21.2	169	16-1	-77.486956521739	-74.9826086956523	-22.4478260869565	-19.9521739130435
-76.2347826086957	1.26086956521739	170	16-10	-77.486956521739	-74.9826086956523	0.0130434782608913	2.50869565217389
-76.2347826086957	3.75652173913044	171	16-11	-77.486956521739	-74.9826086956523	2.50869565217394	5.00434782608694
-76.2347826086957	6.25217391304348	172	16-12	-77.486956521739	-74.9826086956523	5.00434782608698	7.49999999999998
-76.2347826086957	8.74782608695653	173	16-13	-77.486956521739	-74.9826086956523	7.50000000000003	9.99565217391303
-76.2347826086957	11.2434782608696	174	16-14	-77.486956521739	-74.9826086956523	9.9956521739131	12.4913043478261
-76.2347826086957	13.7391304347826	175	16-15	-77.486956521739	-74.9826086956523	12.4913043478261	14.9869565217391
-76.2347826086957	16.2347826086957	176	16-16	-77.486956521739	-74.9826086956523	14.9869565217392	17.4826086956522
-76.2347826086957	18.7304347826087	177	16-17	-77.486956521739	-74.9826086956523	17.4826086956522	19.9782608695652
-76.2347826086957	21.2260869565217	178	16-18	-77.486956521739	-74.9826086956523	19.9782608695652	22.4739130434782
-76.2347826086957	23.7217391304348	179	16-19	-77.486956521739	-74.9826086956523	22.4739130434783	24.9695652173913
-76.2347826086957	-18.704347826087	180	16-2	-77.486956521739	-74.9826086956523	-19.9521739130435	-17.4565217391305
-76.2347826086957	26.2173913043478	181	16-20	-77.486956521739	-74.9826086956523	24.9695652173913	27.4652173913043
-76.2347826086957	28.7130434782609	182	16-21	-77.486956521739	-74.9826086956523	27.4652173913044	29.9608695652174
-76.2347826086957	31.2086956521739	183	16-22	-77.486956521739	-74.9826086956523	29.9608695652174	32.4565217391304
-76.2347826086957	33.704347826087	184	16-23	-77.486956521739	-74.9826086956523	32.4565217391305	34.9521739130435
-76.2347826086957	36.2	185	16-24	-77.486956521739	-74.9826086956523	34.9521739130435	37.4478260869565
-76.2347826086957	-16.2086956521739	186	16-3	-77.486956521739	-74.9826086956523	-17.4565217391304	-14.9608695652174
-76.2347826086957	-13.7130434782609	187	16-4	-77.486956521739	-74.9826086956523	-14.9608695652174	-12.4652173913044
-76.2347826086957	-11.2173913043478	188	16-5	-77.486956521739	-74.9826086956523	-12.4652173913043	-9.9695652173913
-76.2347826086957	-8.72173913043478	189	16-6	-77.486956521739	-74.9826086956523	-9.96956521739128	-7.47391304347828
-76.2347826086957	-6.22608695652174	190	16-7	-77.486956521739	-74.9826086956523	-7.47391304347824	-4.97826086956524
-76.2347826086957	-3.73043478260869	191	16-8	-77.486956521739	-74.9826086956523	-4.97826086956519	-2.48260869565219
-76.2347826086957	-1.23478260869565	192	16-9	-77.486956521739	-74.9826086956523	-2.48260869565215	0.0130434782608488
-73.7304347826087	-21.2	193	17-1	-74.982608695652	-72.4782608695653	-22.4478260869565	-19.9521739130435
-73.7304347826087	1.26086956521739	194	17-10	-74.982608695652	-72.4782608695653	0.0130434782608913	2.50869565217389
-73.7304347826087	3.75652173913044	195	17-11	-74.982608695652	-72.4782608695653	2.50869565217394	5.00434782608694
-73.7304347826087	6.25217391304348	196	17-12	-74.982608695652	-72.4782608695653	5.00434782608698	7.49999999999998
-73.7304347826087	8.74782608695653	197	17-13	-74.982608695652	-72.4782608695653	7.50000000000003	9.99565217391303
-73.7304347826087	11.2434782608696	198	17-14	-74.982608695652	-72.4782608695653	9.9956521739131	12.4913043478261
-73.7304347826087	13.7391304347826	199	17-15	-74.982608695652	-72.4782608695653	12.4913043478261	14.9869565217391
-73.7304347826087	16.2347826086957	200	17-16	-74.982608695652	-72.4782608695653	14.9869565217392	17.4826086956522
-73.7304347826087	18.7304347826087	201	17-17	-74.982608695652	-72.4782608695653	17.4826086956522	19.9782608695652
-73.7304347826087	21.2260869565217	202	17-18	-74.982608695652	-72.4782608695653	19.9782608695652	22.4739130434782
-73.7304347826087	23.7217391304348	203	17-19	-74.982608695652	-72.4782608695653	22.4739130434783	24.9695652173913
-73.7304347826087	-18.704347826087	204	17-2	-74.982608695652	-72.4782608695653	-19.9521739130435	-17.4565217391305
-73.7304347826087	26.2173913043478	205	17-20	-74.982608695652	-72.4782608695653	24.9695652173913	27.4652173913043
-73.7304347826087	28.7130434782609	206	17-21	-74.982608695652	-72.4782608695653	27.4652173913044	29.9608695652174
-73.7304347826087	31.2086956521739	207	17-22	-74.982608695652	-72.4782608695653	29.9608695652174	32.4565217391304
-73.7304347826087	33.704347826087	208	17-23	-74.982608695652	-72.4782608695653	32.4565217391305	34.9521739130435
-73.7304347826087	36.2	209	17-24	-74.982608695652	-72.4782608695653	34.9521739130435	37.4478260869565
-73.7304347826087	-16.2086956521739	210	17-3	-74.982608695652	-72.4782608695653	-17.4565217391304	-14.9608695652174
-73.7304347826087	-13.7130434782609	211	17-4	-74.982608695652	-72.4782608695653	-14.9608695652174	-12.4652173913044
-73.7304347826087	-11.2173913043478	212	17-5	-74.982608695652	-72.4782608695653	-12.4652173913043	-9.9695652173913
-73.7304347826087	-8.72173913043478	213	17-6	-74.982608695652	-72.4782608695653	-9.96956521739128	-7.47391304347828
-73.7304347826087	-6.22608695652174	214	17-7	-74.982608695652	-72.4782608695653	-7.47391304347824	-4.97826086956524
-73.7304347826087	-3.73043478260869	215	17-8	-74.982608695652	-72.4782608695653	-4.97826086956519	-2.48260869565219
-73.7304347826087	-1.23478260869565	216	17-9	-74.982608695652	-72.4782608695653	-2.48260869565215	0.0130434782608488
-71.2260869565217	-21.2	217	18-1	-72.478260869565	-69.9739130434783	-22.4478260869565	-19.9521739130435
-71.2260869565217	1.26086956521739	218	18-10	-72.478260869565	-69.9739130434783	0.0130434782608913	2.50869565217389
-71.2260869565217	3.75652173913044	219	18-11	-72.478260869565	-69.9739130434783	2.50869565217394	5.00434782608694
-71.2260869565217	6.25217391304348	220	18-12	-72.478260869565	-69.9739130434783	5.00434782608698	7.49999999999998
-71.2260869565217	8.74782608695653	221	18-13	-72.478260869565	-69.9739130434783	7.50000000000003	9.99565217391303
-71.2260869565217	11.2434782608696	222	18-14	-72.478260869565	-69.9739130434783	9.9956521739131	12.4913043478261
-71.2260869565217	13.7391304347826	223	18-15	-72.478260869565	-69.9739130434783	12.4913043478261	14.9869565217391
-71.2260869565217	16.2347826086957	224	18-16	-72.478260869565	-69.9739130434783	14.9869565217392	17.4826086956522
-71.2260869565217	18.7304347826087	225	18-17	-72.478260869565	-69.9739130434783	17.4826086956522	19.9782608695652
-71.2260869565217	21.2260869565217	226	18-18	-72.478260869565	-69.9739130434783	19.9782608695652	22.4739130434782
-71.2260869565217	23.7217391304348	227	18-19	-72.478260869565	-69.9739130434783	22.4739130434783	24.9695652173913
-71.2260869565217	-18.704347826087	228	18-2	-72.478260869565	-69.9739130434783	-19.9521739130435	-17.4565217391305
-71.2260869565217	26.2173913043478	229	18-20	-72.478260869565	-69.9739130434783	24.9695652173913	27.4652173913043
-71.2260869565217	28.7130434782609	230	18-21	-72.478260869565	-69.9739130434783	27.4652173913044	29.9608695652174
-71.2260869565217	31.2086956521739	231	18-22	-72.478260869565	-69.9739130434783	29.9608695652174	32.4565217391304
-71.2260869565217	33.704347826087	232	18-23	-72.478260869565	-69.9739130434783	32.4565217391305	34.9521739130435
-71.2260869565217	36.2	233	18-24	-72.478260869565	-69.9739130434783	34.9521739130435	37.4478260869565
-71.2260869565217	-16.2086956521739	234	18-3	-72.478260869565	-69.9739130434783	-17.4565217391304	-14.9608695652174
-71.2260869565217	-13.7130434782609	235	18-4	-72.478260869565	-69.9739130434783	-14.9608695652174	-12.4652173913044
-71.2260869565217	-11.2173913043478	236	18-5	-72.478260869565	-69.9739130434783	-12.4652173913043	-9.9695652173913
-71.2260869565217	-8.72173913043478	237	18-6	-72.478260869565	-69.9739130434783	-9.96956521739128	-7.47391304347828
-71.2260869565217	-6.22608695652174	238	18-7	-72.478260869565	-69.9739130434783	-7.47391304347824	-4.97826086956524
-71.2260869565217	-3.73043478260869	239	18-8	-72.478260869565	-69.9739130434783	-4.97826086956519	-2.48260869565219
-71.2260869565217	-1.23478260869565	240	18-9	-72.478260869565	-69.9739130434783	-2.48260869565215	0.0130434782608488
-68.7217391304348	-21.2	241	19-1	-69.9739130434781	-67.4695652173914	-22.4478260869565	-19.9521739130435
-68.7217391304348	1.26086956521739	242	19-10	-69.9739130434781	-67.4695652173914	0.0130434782608913	2.50869565217389
-68.7217391304348	3.75652173913044	243	19-11	-69.9739130434781	-67.4695652173914	2.50869565217394	5.00434782608694
-68.7217391304348	6.25217391304348	244	19-12	-69.9739130434781	-67.4695652173914	5.00434782608698	7.49999999999998
-68.7217391304348	8.74782608695653	245	19-13	-69.9739130434781	-67.4695652173914	7.50000000000003	9.99565217391303
-68.7217391304348	11.2434782608696	246	19-14	-69.9739130434781	-67.4695652173914	9.9956521739131	12.4913043478261
-68.7217391304348	13.7391304347826	247	19-15	-69.9739130434781	-67.4695652173914	12.4913043478261	14.9869565217391
-68.7217391304348	16.2347826086957	248	19-16	-69.9739130434781	-67.4695652173914	14.9869565217392	17.4826086956522
-68.7217391304348	18.7304347826087	249	19-17	-69.9739130434781	-67.4695652173914	17.4826086956522	19.9782608695652
-68.7217391304348	21.2260869565217	250	19-18	-69.9739130434781	-67.4695652173914	19.9782608695652	22.4739130434782
-68.7217391304348	23.7217391304348	251	19-19	-69.9739130434781	-67.4695652173914	22.4739130434783	24.9695652173913
-68.7217391304348	-18.704347826087	252	19-2	-69.9739130434781	-67.4695652173914	-19.9521739130435	-17.4565217391305
-68.7217391304348	26.2173913043478	253	19-20	-69.9739130434781	-67.4695652173914	24.9695652173913	27.4652173913043
-68.7217391304348	28.7130434782609	254	19-21	-69.9739130434781	-67.4695652173914	27.4652173913044	29.9608695652174
-68.7217391304348	31.2086956521739	255	19-22	-69.9739130434781	-67.4695652173914	29.9608695652174	32.4565217391304
-68.7217391304348	33.704347826087	256	19-23	-69.9739130434781	-67.4695652173914	32.4565217391305	34.9521739130435
-68.7217391304348	36.2	257	19-24	-69.9739130434781	-67.4695652173914	34.9521739130435	37.4478260869565
-68.7217391304348	-16.2086956521739	258	19-3	-69.9739130434781	-67.4695652173914	-17.4565217391304	-14.9608695652174
-68.7217391304348	-13.7130434782609	259	19-4	-69.9739130434781	-67.4695652173914	-14.9608695652174	-12.4652173913044
-68.7217391304348	-11.2173913043478	260	19-5	-69.9739130434781	-67.4695652173914	-12.4652173913043	-9.9695652173913
-68.7217391304348	-8.72173913043478	261	19-6	-69.9739130434781	-67.4695652173914	-9.96956521739128	-7.47391304347828
-68.7217391304348	-6.22608695652174	262	19-7	-69.9739130434781	-67.4695652173914	-7.47391304347824	-4.97826086956524
-68.7217391304348	-3.73043478260869	263	19-8	-69.9739130434781	-67.4695652173914	-4.97826086956519	-2.48260869565219
-68.7217391304348	-1.23478260869565	264	19-9	-69.9739130434781	-67.4695652173914	-2.48260869565215	0.0130434782608488
-111.295652173913	-21.2	265	2-1	-112.547826086956	-110.04347826087	-22.4478260869565	-19.9521739130435
-111.295652173913	1.26086956521739	266	2-10	-112.547826086956	-110.04347826087	0.0130434782608913	2.50869565217389
-111.295652173913	3.75652173913044	267	2-11	-112.547826086956	-110.04347826087	2.50869565217394	5.00434782608694
-111.295652173913	6.25217391304348	268	2-12	-112.547826086956	-110.04347826087	5.00434782608698	7.49999999999998
-111.295652173913	8.74782608695653	269	2-13	-112.547826086956	-110.04347826087	7.50000000000003	9.99565217391303
-111.295652173913	11.2434782608696	270	2-14	-112.547826086956	-110.04347826087	9.9956521739131	12.4913043478261
-111.295652173913	13.7391304347826	271	2-15	-112.547826086956	-110.04347826087	12.4913043478261	14.9869565217391
-111.295652173913	16.2347826086957	272	2-16	-112.547826086956	-110.04347826087	14.9869565217392	17.4826086956522
-111.295652173913	18.7304347826087	273	2-17	-112.547826086956	-110.04347826087	17.4826086956522	19.9782608695652
-111.295652173913	21.2260869565217	274	2-18	-112.547826086956	-110.04347826087	19.9782608695652	22.4739130434782
-111.295652173913	23.7217391304348	275	2-19	-112.547826086956	-110.04347826087	22.4739130434783	24.9695652173913
-111.295652173913	-18.704347826087	276	2-2	-112.547826086956	-110.04347826087	-19.9521739130435	-17.4565217391305
-111.295652173913	26.2173913043478	277	2-20	-112.547826086956	-110.04347826087	24.9695652173913	27.4652173913043
-111.295652173913	28.7130434782609	278	2-21	-112.547826086956	-110.04347826087	27.4652173913044	29.9608695652174
-111.295652173913	31.2086956521739	279	2-22	-112.547826086956	-110.04347826087	29.9608695652174	32.4565217391304
-111.295652173913	33.704347826087	280	2-23	-112.547826086956	-110.04347826087	32.4565217391305	34.9521739130435
-111.295652173913	36.2	281	2-24	-112.547826086956	-110.04347826087	34.9521739130435	37.4478260869565
-111.295652173913	-16.2086956521739	282	2-3	-112.547826086956	-110.04347826087	-17.4565217391304	-14.9608695652174
-111.295652173913	-13.7130434782609	283	2-4	-112.547826086956	-110.04347826087	-14.9608695652174	-12.4652173913044
-111.295652173913	-11.2173913043478	284	2-5	-112.547826086956	-110.04347826087	-12.4652173913043	-9.9695652173913
-111.295652173913	-8.72173913043478	285	2-6	-112.547826086956	-110.04347826087	-9.96956521739128	-7.47391304347828
-111.295652173913	-6.22608695652174	286	2-7	-112.547826086956	-110.04347826087	-7.47391304347824	-4.97826086956524
-111.295652173913	-3.73043478260869	287	2-8	-112.547826086956	-110.04347826087	-4.97826086956519	-2.48260869565219
-111.295652173913	-1.23478260869565	288	2-9	-112.547826086956	-110.04347826087	-2.48260869565215	0.0130434782608488
-66.2173913043478	-21.2	289	20-1	-67.4695652173911	-64.9652173913044	-22.4478260869565	-19.9521739130435
-66.2173913043478	1.26086956521739	290	20-10	-67.4695652173911	-64.9652173913044	0.0130434782608913	2.50869565217389
-66.2173913043478	3.75652173913044	291	20-11	-67.4695652173911	-64.9652173913044	2.50869565217394	5.00434782608694
-66.2173913043478	6.25217391304348	292	20-12	-67.4695652173911	-64.9652173913044	5.00434782608698	7.49999999999998
-66.2173913043478	8.74782608695653	293	20-13	-67.4695652173911	-64.9652173913044	7.50000000000003	9.99565217391303
-66.2173913043478	11.2434782608696	294	20-14	-67.4695652173911	-64.9652173913044	9.9956521739131	12.4913043478261
-66.2173913043478	13.7391304347826	295	20-15	-67.4695652173911	-64.9652173913044	12.4913043478261	14.9869565217391
-66.2173913043478	16.2347826086957	296	20-16	-67.4695652173911	-64.9652173913044	14.9869565217392	17.4826086956522
-66.2173913043478	18.7304347826087	297	20-17	-67.4695652173911	-64.9652173913044	17.4826086956522	19.9782608695652
-66.2173913043478	21.2260869565217	298	20-18	-67.4695652173911	-64.9652173913044	19.9782608695652	22.4739130434782
-66.2173913043478	23.7217391304348	299	20-19	-67.4695652173911	-64.9652173913044	22.4739130434783	24.9695652173913
-66.2173913043478	-18.704347826087	300	20-2	-67.4695652173911	-64.9652173913044	-19.9521739130435	-17.4565217391305
-66.2173913043478	26.2173913043478	301	20-20	-67.4695652173911	-64.9652173913044	24.9695652173913	27.4652173913043
-66.2173913043478	28.7130434782609	302	20-21	-67.4695652173911	-64.9652173913044	27.4652173913044	29.9608695652174
-66.2173913043478	31.2086956521739	303	20-22	-67.4695652173911	-64.9652173913044	29.9608695652174	32.4565217391304
-66.2173913043478	33.704347826087	304	20-23	-67.4695652173911	-64.9652173913044	32.4565217391305	34.9521739130435
-66.2173913043478	36.2	305	20-24	-67.4695652173911	-64.9652173913044	34.9521739130435	37.4478260869565
-66.2173913043478	-16.2086956521739	306	20-3	-67.4695652173911	-64.9652173913044	-17.4565217391304	-14.9608695652174
-66.2173913043478	-13.7130434782609	307	20-4	-67.4695652173911	-64.9652173913044	-14.9608695652174	-12.4652173913044
-66.2173913043478	-11.2173913043478	308	20-5	-67.4695652173911	-64.9652173913044	-12.4652173913043	-9.9695652173913
-66.2173913043478	-8.72173913043478	309	20-6	-67.4695652173911	-64.9652173913044	-9.96956521739128	-7.47391304347828
-66.2173913043478	-6.22608695652174	310	20-7	-67.4695652173911	-64.9652173913044	-7.47391304347824	-4.97826086956524
-66.2173913043478	-3.73043478260869	311	20-8	-67.4695652173911	-64.9652173913044	-4.97826086956519	-2.48260869565219
-66.2173913043478	-1.23478260869565	312	20-9	-67.4695652173911	-64.9652173913044	-2.48260869565215	0.0130434782608488
-63.7130434782609	-21.2	313	21-1	-64.9652173913043	-62.4608695652175	-22.4478260869565	-19.9521739130435
-63.7130434782609	1.26086956521739	314	21-10	-64.9652173913043	-62.4608695652175	0.0130434782608913	2.50869565217389
-63.7130434782609	3.75652173913044	315	21-11	-64.9652173913043	-62.4608695652175	2.50869565217394	5.00434782608694
-63.7130434782609	6.25217391304348	316	21-12	-64.9652173913043	-62.4608695652175	5.00434782608698	7.49999999999998
-63.7130434782609	8.74782608695653	317	21-13	-64.9652173913043	-62.4608695652175	7.50000000000003	9.99565217391303
-63.7130434782609	11.2434782608696	318	21-14	-64.9652173913043	-62.4608695652175	9.9956521739131	12.4913043478261
-63.7130434782609	13.7391304347826	319	21-15	-64.9652173913043	-62.4608695652175	12.4913043478261	14.9869565217391
-63.7130434782609	16.2347826086957	320	21-16	-64.9652173913043	-62.4608695652175	14.9869565217392	17.4826086956522
-63.7130434782609	18.7304347826087	321	21-17	-64.9652173913043	-62.4608695652175	17.4826086956522	19.9782608695652
-63.7130434782609	21.2260869565217	322	21-18	-64.9652173913043	-62.4608695652175	19.9782608695652	22.4739130434782
-63.7130434782609	23.7217391304348	323	21-19	-64.9652173913043	-62.4608695652175	22.4739130434783	24.9695652173913
-63.7130434782609	-18.704347826087	324	21-2	-64.9652173913043	-62.4608695652175	-19.9521739130435	-17.4565217391305
-63.7130434782609	26.2173913043478	325	21-20	-64.9652173913043	-62.4608695652175	24.9695652173913	27.4652173913043
-63.7130434782609	28.7130434782609	326	21-21	-64.9652173913043	-62.4608695652175	27.4652173913044	29.9608695652174
-63.7130434782609	31.2086956521739	327	21-22	-64.9652173913043	-62.4608695652175	29.9608695652174	32.4565217391304
-63.7130434782609	33.704347826087	328	21-23	-64.9652173913043	-62.4608695652175	32.4565217391305	34.9521739130435
-63.7130434782609	36.2	329	21-24	-64.9652173913043	-62.4608695652175	34.9521739130435	37.4478260869565
-63.7130434782609	-16.2086956521739	330	21-3	-64.9652173913043	-62.4608695652175	-17.4565217391304	-14.9608695652174
-63.7130434782609	-13.7130434782609	331	21-4	-64.9652173913043	-62.4608695652175	-14.9608695652174	-12.4652173913044
-63.7130434782609	-11.2173913043478	332	21-5	-64.9652173913043	-62.4608695652175	-12.4652173913043	-9.9695652173913
-63.7130434782609	-8.72173913043478	333	21-6	-64.9652173913043	-62.4608695652175	-9.96956521739128	-7.47391304347828
-63.7130434782609	-6.22608695652174	334	21-7	-64.9652173913043	-62.4608695652175	-7.47391304347824	-4.97826086956524
-63.7130434782609	-3.73043478260869	335	21-8	-64.9652173913043	-62.4608695652175	-4.97826086956519	-2.48260869565219
-63.7130434782609	-1.23478260869565	336	21-9	-64.9652173913043	-62.4608695652175	-2.48260869565215	0.0130434782608488
-61.2086956521739	-21.2	337	22-1	-62.4608695652173	-59.9565217391306	-22.4478260869565	-19.9521739130435
-61.2086956521739	1.26086956521739	338	22-10	-62.4608695652173	-59.9565217391306	0.0130434782608913	2.50869565217389
-61.2086956521739	3.75652173913044	339	22-11	-62.4608695652173	-59.9565217391306	2.50869565217394	5.00434782608694
-61.2086956521739	6.25217391304348	340	22-12	-62.4608695652173	-59.9565217391306	5.00434782608698	7.49999999999998
-61.2086956521739	8.74782608695653	341	22-13	-62.4608695652173	-59.9565217391306	7.50000000000003	9.99565217391303
-61.2086956521739	11.2434782608696	342	22-14	-62.4608695652173	-59.9565217391306	9.9956521739131	12.4913043478261
-61.2086956521739	13.7391304347826	343	22-15	-62.4608695652173	-59.9565217391306	12.4913043478261	14.9869565217391
-61.2086956521739	16.2347826086957	344	22-16	-62.4608695652173	-59.9565217391306	14.9869565217392	17.4826086956522
-61.2086956521739	18.7304347826087	345	22-17	-62.4608695652173	-59.9565217391306	17.4826086956522	19.9782608695652
-61.2086956521739	21.2260869565217	346	22-18	-62.4608695652173	-59.9565217391306	19.9782608695652	22.4739130434782
-61.2086956521739	23.7217391304348	347	22-19	-62.4608695652173	-59.9565217391306	22.4739130434783	24.9695652173913
-61.2086956521739	-18.704347826087	348	22-2	-62.4608695652173	-59.9565217391306	-19.9521739130435	-17.4565217391305
-61.2086956521739	26.2173913043478	349	22-20	-62.4608695652173	-59.9565217391306	24.9695652173913	27.4652173913043
-61.2086956521739	28.7130434782609	350	22-21	-62.4608695652173	-59.9565217391306	27.4652173913044	29.9608695652174
-61.2086956521739	31.2086956521739	351	22-22	-62.4608695652173	-59.9565217391306	29.9608695652174	32.4565217391304
-61.2086956521739	33.704347826087	352	22-23	-62.4608695652173	-59.9565217391306	32.4565217391305	34.9521739130435
-61.2086956521739	36.2	353	22-24	-62.4608695652173	-59.9565217391306	34.9521739130435	37.4478260869565
-61.2086956521739	-16.2086956521739	354	22-3	-62.4608695652173	-59.9565217391306	-17.4565217391304	-14.9608695652174
-61.2086956521739	-13.7130434782609	355	22-4	-62.4608695652173	-59.9565217391306	-14.9608695652174	-12.4652173913044
-61.2086956521739	-11.2173913043478	356	22-5	-62.4608695652173	-59.9565217391306	-12.4652173913043	-9.9695652173913
-61.2086956521739	-8.72173913043478	357	22-6	-62.4608695652173	-59.9565217391306	-9.96956521739128	-7.47391304347828
-61.2086956521739	-6.22608695652174	358	22-7	-62.4608695652173	-59.9565217391306	-7.47391304347824	-4.97826086956524
-61.2086956521739	-3.73043478260869	359	22-8	-62.4608695652173	-59.9565217391306	-4.97826086956519	-2.48260869565219
-61.2086956521739	-1.23478260869565	360	22-9	-62.4608695652173	-59.9565217391306	-2.48260869565215	0.0130434782608488
-58.704347826087	-21.2	361	23-1	-59.9565217391304	-57.4521739130437	-22.4478260869565	-19.9521739130435
-58.704347826087	1.26086956521739	362	23-10	-59.9565217391304	-57.4521739130437	0.0130434782608913	2.50869565217389
-58.704347826087	3.75652173913044	363	23-11	-59.9565217391304	-57.4521739130437	2.50869565217394	5.00434782608694
-58.704347826087	6.25217391304348	364	23-12	-59.9565217391304	-57.4521739130437	5.00434782608698	7.49999999999998
-58.704347826087	8.74782608695653	365	23-13	-59.9565217391304	-57.4521739130437	7.50000000000003	9.99565217391303
-58.704347826087	11.2434782608696	366	23-14	-59.9565217391304	-57.4521739130437	9.9956521739131	12.4913043478261
-58.704347826087	13.7391304347826	367	23-15	-59.9565217391304	-57.4521739130437	12.4913043478261	14.9869565217391
-58.704347826087	16.2347826086957	368	23-16	-59.9565217391304	-57.4521739130437	14.9869565217392	17.4826086956522
-58.704347826087	18.7304347826087	369	23-17	-59.9565217391304	-57.4521739130437	17.4826086956522	19.9782608695652
-58.704347826087	21.2260869565217	370	23-18	-59.9565217391304	-57.4521739130437	19.9782608695652	22.4739130434782
-58.704347826087	23.7217391304348	371	23-19	-59.9565217391304	-57.4521739130437	22.4739130434783	24.9695652173913
-58.704347826087	-18.704347826087	372	23-2	-59.9565217391304	-57.4521739130437	-19.9521739130435	-17.4565217391305
-58.704347826087	26.2173913043478	373	23-20	-59.9565217391304	-57.4521739130437	24.9695652173913	27.4652173913043
-58.704347826087	28.7130434782609	374	23-21	-59.9565217391304	-57.4521739130437	27.4652173913044	29.9608695652174
-58.704347826087	31.2086956521739	375	23-22	-59.9565217391304	-57.4521739130437	29.9608695652174	32.4565217391304
-58.704347826087	33.704347826087	376	23-23	-59.9565217391304	-57.4521739130437	32.4565217391305	34.9521739130435
-58.704347826087	36.2	377	23-24	-59.9565217391304	-57.4521739130437	34.9521739130435	37.4478260869565
-58.704347826087	-16.2086956521739	378	23-3	-59.9565217391304	-57.4521739130437	-17.4565217391304	-14.9608695652174
-58.704347826087	-13.7130434782609	379	23-4	-59.9565217391304	-57.4521739130437	-14.9608695652174	-12.4652173913044
-58.704347826087	-11.2173913043478	380	23-5	-59.9565217391304	-57.4521739130437	-12.4652173913043	-9.9695652173913
-58.704347826087	-8.72173913043478	381	23-6	-59.9565217391304	-57.4521739130437	-9.96956521739128	-7.47391304347828
-58.704347826087	-6.22608695652174	382	23-7	-59.9565217391304	-57.4521739130437	-7.47391304347824	-4.97826086956524
-58.704347826087	-3.73043478260869	383	23-8	-59.9565217391304	-57.4521739130437	-4.97826086956519	-2.48260869565219
-58.704347826087	-1.23478260869565	384	23-9	-59.9565217391304	-57.4521739130437	-2.48260869565215	0.0130434782608488
-56.2	-21.2	385	24-1	-57.4521739130434	-54.9478260869567	-22.4478260869565	-19.9521739130435
-56.2	1.26086956521739	386	24-10	-57.4521739130434	-54.9478260869567	0.0130434782608913	2.50869565217389
-56.2	3.75652173913044	387	24-11	-57.4521739130434	-54.9478260869567	2.50869565217394	5.00434782608694
-56.2	6.25217391304348	388	24-12	-57.4521739130434	-54.9478260869567	5.00434782608698	7.49999999999998
-56.2	8.74782608695653	389	24-13	-57.4521739130434	-54.9478260869567	7.50000000000003	9.99565217391303
-56.2	11.2434782608696	390	24-14	-57.4521739130434	-54.9478260869567	9.9956521739131	12.4913043478261
-56.2	13.7391304347826	391	24-15	-57.4521739130434	-54.9478260869567	12.4913043478261	14.9869565217391
-56.2	16.2347826086957	392	24-16	-57.4521739130434	-54.9478260869567	14.9869565217392	17.4826086956522
-56.2	18.7304347826087	393	24-17	-57.4521739130434	-54.9478260869567	17.4826086956522	19.9782608695652
-56.2	21.2260869565217	394	24-18	-57.4521739130434	-54.9478260869567	19.9782608695652	22.4739130434782
-56.2	23.7217391304348	395	24-19	-57.4521739130434	-54.9478260869567	22.4739130434783	24.9695652173913
-56.2	-18.704347826087	396	24-2	-57.4521739130434	-54.9478260869567	-19.9521739130435	-17.4565217391305
-56.2	26.2173913043478	397	24-20	-57.4521739130434	-54.9478260869567	24.9695652173913	27.4652173913043
-56.2	28.7130434782609	398	24-21	-57.4521739130434	-54.9478260869567	27.4652173913044	29.9608695652174
-56.2	31.2086956521739	399	24-22	-57.4521739130434	-54.9478260869567	29.9608695652174	32.4565217391304
-56.2	33.704347826087	400	24-23	-57.4521739130434	-54.9478260869567	32.4565217391305	34.9521739130435
-56.2	36.2	401	24-24	-57.4521739130434	-54.9478260869567	34.9521739130435	37.4478260869565
-56.2	-16.2086956521739	402	24-3	-57.4521739130434	-54.9478260869567	-17.4565217391304	-14.9608695652174
-56.2	-13.7130434782609	403	24-4	-57.4521739130434	-54.9478260869567	-14.9608695652174	-12.4652173913044
-56.2	-11.2173913043478	404	24-5	-57.4521739130434	-54.9478260869567	-12.4652173913043	-9.9695652173913
-56.2	-8.72173913043478	405	24-6	-57.4521739130434	-54.9478260869567	-9.96956521739128	-7.47391304347828
-56.2	-6.22608695652174	406	24-7	-57.4521739130434	-54.9478260869567	-7.47391304347824	-4.97826086956524
-56.2	-3.73043478260869	407	24-8	-57.4521739130434	-54.9478260869567	-4.97826086956519	-2.48260869565219
-56.2	-1.23478260869565	408	24-9	-57.4521739130434	-54.9478260869567	-2.48260869565215	0.0130434782608488
-108.791304347826	-21.2	409	3-1	-110.043478260869	-107.539130434783	-22.4478260869565	-19.9521739130435
-108.791304347826	1.26086956521739	410	3-10	-110.043478260869	-107.539130434783	0.0130434782608913	2.50869565217389
-108.791304347826	3.75652173913044	411	3-11	-110.043478260869	-107.539130434783	2.50869565217394	5.00434782608694
-108.791304347826	6.25217391304348	412	3-12	-110.043478260869	-107.539130434783	5.00434782608698	7.49999999999998
-108.791304347826	8.74782608695653	413	3-13	-110.043478260869	-107.539130434783	7.50000000000003	9.99565217391303
-108.791304347826	11.2434782608696	414	3-14	-110.043478260869	-107.539130434783	9.9956521739131	12.4913043478261
-108.791304347826	13.7391304347826	415	3-15	-110.043478260869	-107.539130434783	12.4913043478261	14.9869565217391
-108.791304347826	16.2347826086957	416	3-16	-110.043478260869	-107.539130434783	14.9869565217392	17.4826086956522
-108.791304347826	18.7304347826087	417	3-17	-110.043478260869	-107.539130434783	17.4826086956522	19.9782608695652
-108.791304347826	21.2260869565217	418	3-18	-110.043478260869	-107.539130434783	19.9782608695652	22.4739130434782
-108.791304347826	23.7217391304348	419	3-19	-110.043478260869	-107.539130434783	22.4739130434783	24.9695652173913
-108.791304347826	-18.704347826087	420	3-2	-110.043478260869	-107.539130434783	-19.9521739130435	-17.4565217391305
-108.791304347826	26.2173913043478	421	3-20	-110.043478260869	-107.539130434783	24.9695652173913	27.4652173913043
-108.791304347826	28.7130434782609	422	3-21	-110.043478260869	-107.539130434783	27.4652173913044	29.9608695652174
-108.791304347826	31.2086956521739	423	3-22	-110.043478260869	-107.539130434783	29.9608695652174	32.4565217391304
-108.791304347826	33.704347826087	424	3-23	-110.043478260869	-107.539130434783	32.4565217391305	34.9521739130435
-108.791304347826	36.2	425	3-24	-110.043478260869	-107.539130434783	34.9521739130435	37.4478260869565
-108.791304347826	-16.2086956521739	426	3-3	-110.043478260869	-107.539130434783	-17.4565217391304	-14.9608695652174
-108.791304347826	-13.7130434782609	427	3-4	-110.043478260869	-107.539130434783	-14.9608695652174	-12.4652173913044
-108.791304347826	-11.2173913043478	428	3-5	-110.043478260869	-107.539130434783	-12.4652173913043	-9.9695652173913
-108.791304347826	-8.72173913043478	429	3-6	-110.043478260869	-107.539130434783	-9.96956521739128	-7.47391304347828
-108.791304347826	-6.22608695652174	430	3-7	-110.043478260869	-107.539130434783	-7.47391304347824	-4.97826086956524
-108.791304347826	-3.73043478260869	431	3-8	-110.043478260869	-107.539130434783	-4.97826086956519	-2.48260869565219
-108.791304347826	-1.23478260869565	432	3-9	-110.043478260869	-107.539130434783	-2.48260869565215	0.0130434782608488
-106.286956521739	-21.2	433	4-1	-107.539130434782	-105.034782608696	-22.4478260869565	-19.9521739130435
-106.286956521739	1.26086956521739	434	4-10	-107.539130434782	-105.034782608696	0.0130434782608913	2.50869565217389
-106.286956521739	3.75652173913044	435	4-11	-107.539130434782	-105.034782608696	2.50869565217394	5.00434782608694
-106.286956521739	6.25217391304348	436	4-12	-107.539130434782	-105.034782608696	5.00434782608698	7.49999999999998
-106.286956521739	8.74782608695653	437	4-13	-107.539130434782	-105.034782608696	7.50000000000003	9.99565217391303
-106.286956521739	11.2434782608696	438	4-14	-107.539130434782	-105.034782608696	9.9956521739131	12.4913043478261
-106.286956521739	13.7391304347826	439	4-15	-107.539130434782	-105.034782608696	12.4913043478261	14.9869565217391
-106.286956521739	16.2347826086957	440	4-16	-107.539130434782	-105.034782608696	14.9869565217392	17.4826086956522
-106.286956521739	18.7304347826087	441	4-17	-107.539130434782	-105.034782608696	17.4826086956522	19.9782608695652
-106.286956521739	21.2260869565217	442	4-18	-107.539130434782	-105.034782608696	19.9782608695652	22.4739130434782
-106.286956521739	23.7217391304348	443	4-19	-107.539130434782	-105.034782608696	22.4739130434783	24.9695652173913
-106.286956521739	-18.704347826087	444	4-2	-107.539130434782	-105.034782608696	-19.9521739130435	-17.4565217391305
-106.286956521739	26.2173913043478	445	4-20	-107.539130434782	-105.034782608696	24.9695652173913	27.4652173913043
-106.286956521739	28.7130434782609	446	4-21	-107.539130434782	-105.034782608696	27.4652173913044	29.9608695652174
-106.286956521739	31.2086956521739	447	4-22	-107.539130434782	-105.034782608696	29.9608695652174	32.4565217391304
-106.286956521739	33.704347826087	448	4-23	-107.539130434782	-105.034782608696	32.4565217391305	34.9521739130435
-106.286956521739	36.2	449	4-24	-107.539130434782	-105.034782608696	34.9521739130435	37.4478260869565
-106.286956521739	-16.2086956521739	450	4-3	-107.539130434782	-105.034782608696	-17.4565217391304	-14.9608695652174
-106.286956521739	-13.7130434782609	451	4-4	-107.539130434782	-105.034782608696	-14.9608695652174	-12.4652173913044
-106.286956521739	-11.2173913043478	452	4-5	-107.539130434782	-105.034782608696	-12.4652173913043	-9.9695652173913
-106.286956521739	-8.72173913043478	453	4-6	-107.539130434782	-105.034782608696	-9.96956521739128	-7.47391304347828
-106.286956521739	-6.22608695652174	454	4-7	-107.539130434782	-105.034782608696	-7.47391304347824	-4.97826086956524
-106.286956521739	-3.73043478260869	455	4-8	-107.539130434782	-105.034782608696	-4.97826086956519	-2.48260869565219
-106.286956521739	-1.23478260869565	456	4-9	-107.539130434782	-105.034782608696	-2.48260869565215	0.0130434782608488
-103.782608695652	-21.2	457	5-1	-105.034782608695	-102.530434782609	-22.4478260869565	-19.9521739130435
-103.782608695652	1.26086956521739	458	5-10	-105.034782608695	-102.530434782609	0.0130434782608913	2.50869565217389
-103.782608695652	3.75652173913044	459	5-11	-105.034782608695	-102.530434782609	2.50869565217394	5.00434782608694
-103.782608695652	6.25217391304348	460	5-12	-105.034782608695	-102.530434782609	5.00434782608698	7.49999999999998
-103.782608695652	8.74782608695653	461	5-13	-105.034782608695	-102.530434782609	7.50000000000003	9.99565217391303
-103.782608695652	11.2434782608696	462	5-14	-105.034782608695	-102.530434782609	9.9956521739131	12.4913043478261
-103.782608695652	13.7391304347826	463	5-15	-105.034782608695	-102.530434782609	12.4913043478261	14.9869565217391
-103.782608695652	16.2347826086957	464	5-16	-105.034782608695	-102.530434782609	14.9869565217392	17.4826086956522
-103.782608695652	18.7304347826087	465	5-17	-105.034782608695	-102.530434782609	17.4826086956522	19.9782608695652
-103.782608695652	21.2260869565217	466	5-18	-105.034782608695	-102.530434782609	19.9782608695652	22.4739130434782
-103.782608695652	23.7217391304348	467	5-19	-105.034782608695	-102.530434782609	22.4739130434783	24.9695652173913
-103.782608695652	-18.704347826087	468	5-2	-105.034782608695	-102.530434782609	-19.9521739130435	-17.4565217391305
-103.782608695652	26.2173913043478	469	5-20	-105.034782608695	-102.530434782609	24.9695652173913	27.4652173913043
-103.782608695652	28.7130434782609	470	5-21	-105.034782608695	-102.530434782609	27.4652173913044	29.9608695652174
-103.782608695652	31.2086956521739	471	5-22	-105.034782608695	-102.530434782609	29.9608695652174	32.4565217391304
-103.782608695652	33.704347826087	472	5-23	-105.034782608695	-102.530434782609	32.4565217391305	34.9521739130435
-103.782608695652	36.2	473	5-24	-105.034782608695	-102.530434782609	34.9521739130435	37.4478260869565
-103.782608695652	-16.2086956521739	474	5-3	-105.034782608695	-102.530434782609	-17.4565217391304	-14.9608695652174
-103.782608695652	-13.7130434782609	475	5-4	-105.034782608695	-102.530434782609	-14.9608695652174	-12.4652173913044
-103.782608695652	-11.2173913043478	476	5-5	-105.034782608695	-102.530434782609	-12.4652173913043	-9.9695652173913
-103.782608695652	-8.72173913043478	477	5-6	-105.034782608695	-102.530434782609	-9.96956521739128	-7.47391304347828
-103.782608695652	-6.22608695652174	478	5-7	-105.034782608695	-102.530434782609	-7.47391304347824	-4.97826086956524
-103.782608695652	-3.73043478260869	479	5-8	-105.034782608695	-102.530434782609	-4.97826086956519	-2.48260869565219
-103.782608695652	-1.23478260869565	480	5-9	-105.034782608695	-102.530434782609	-2.48260869565215	0.0130434782608488
-101.278260869565	-21.2	481	6-1	-102.530434782608	-100.026086956522	-22.4478260869565	-19.9521739130435
-101.278260869565	1.26086956521739	482	6-10	-102.530434782608	-100.026086956522	0.0130434782608913	2.50869565217389
-101.278260869565	3.75652173913044	483	6-11	-102.530434782608	-100.026086956522	2.50869565217394	5.00434782608694
-101.278260869565	6.25217391304348	484	6-12	-102.530434782608	-100.026086956522	5.00434782608698	7.49999999999998
-101.278260869565	8.74782608695653	485	6-13	-102.530434782608	-100.026086956522	7.50000000000003	9.99565217391303
-101.278260869565	11.2434782608696	486	6-14	-102.530434782608	-100.026086956522	9.9956521739131	12.4913043478261
-101.278260869565	13.7391304347826	487	6-15	-102.530434782608	-100.026086956522	12.4913043478261	14.9869565217391
-101.278260869565	16.2347826086957	488	6-16	-102.530434782608	-100.026086956522	14.9869565217392	17.4826086956522
-101.278260869565	18.7304347826087	489	6-17	-102.530434782608	-100.026086956522	17.4826086956522	19.9782608695652
-101.278260869565	21.2260869565217	490	6-18	-102.530434782608	-100.026086956522	19.9782608695652	22.4739130434782
-101.278260869565	23.7217391304348	491	6-19	-102.530434782608	-100.026086956522	22.4739130434783	24.9695652173913
-101.278260869565	-18.704347826087	492	6-2	-102.530434782608	-100.026086956522	-19.9521739130435	-17.4565217391305
-101.278260869565	26.2173913043478	493	6-20	-102.530434782608	-100.026086956522	24.9695652173913	27.4652173913043
-101.278260869565	28.7130434782609	494	6-21	-102.530434782608	-100.026086956522	27.4652173913044	29.9608695652174
-101.278260869565	31.2086956521739	495	6-22	-102.530434782608	-100.026086956522	29.9608695652174	32.4565217391304
-101.278260869565	33.704347826087	496	6-23	-102.530434782608	-100.026086956522	32.4565217391305	34.9521739130435
-101.278260869565	36.2	497	6-24	-102.530434782608	-100.026086956522	34.9521739130435	37.4478260869565
-101.278260869565	-16.2086956521739	498	6-3	-102.530434782608	-100.026086956522	-17.4565217391304	-14.9608695652174
-101.278260869565	-13.7130434782609	499	6-4	-102.530434782608	-100.026086956522	-14.9608695652174	-12.4652173913044
-101.278260869565	-11.2173913043478	500	6-5	-102.530434782608	-100.026086956522	-12.4652173913043	-9.9695652173913
-101.278260869565	-8.72173913043478	501	6-6	-102.530434782608	-100.026086956522	-9.96956521739128	-7.47391304347828
-101.278260869565	-6.22608695652174	502	6-7	-102.530434782608	-100.026086956522	-7.47391304347824	-4.97826086956524
-101.278260869565	-3.73043478260869	503	6-8	-102.530434782608	-100.026086956522	-4.97826086956519	-2.48260869565219
-101.278260869565	-1.23478260869565	504	6-9	-102.530434782608	-100.026086956522	-2.48260869565215	0.0130434782608488
-98.7739130434783	-21.2	505	7-1	-100.026086956522	-97.521739130435	-22.4478260869565	-19.9521739130435
-98.7739130434783	1.26086956521739	506	7-10	-100.026086956522	-97.521739130435	0.0130434782608913	2.50869565217389
-98.7739130434783	3.75652173913044	507	7-11	-100.026086956522	-97.521739130435	2.50869565217394	5.00434782608694
-98.7739130434783	6.25217391304348	508	7-12	-100.026086956522	-97.521739130435	5.00434782608698	7.49999999999998
-98.7739130434783	8.74782608695653	509	7-13	-100.026086956522	-97.521739130435	7.50000000000003	9.99565217391303
-98.7739130434783	11.2434782608696	510	7-14	-100.026086956522	-97.521739130435	9.9956521739131	12.4913043478261
-98.7739130434783	13.7391304347826	511	7-15	-100.026086956522	-97.521739130435	12.4913043478261	14.9869565217391
-98.7739130434783	16.2347826086957	512	7-16	-100.026086956522	-97.521739130435	14.9869565217392	17.4826086956522
-98.7739130434783	18.7304347826087	513	7-17	-100.026086956522	-97.521739130435	17.4826086956522	19.9782608695652
-98.7739130434783	21.2260869565217	514	7-18	-100.026086956522	-97.521739130435	19.9782608695652	22.4739130434782
-98.7739130434783	23.7217391304348	515	7-19	-100.026086956522	-97.521739130435	22.4739130434783	24.9695652173913
-98.7739130434783	-18.704347826087	516	7-2	-100.026086956522	-97.521739130435	-19.9521739130435	-17.4565217391305
-98.7739130434783	26.2173913043478	517	7-20	-100.026086956522	-97.521739130435	24.9695652173913	27.4652173913043
-98.7739130434783	28.7130434782609	518	7-21	-100.026086956522	-97.521739130435	27.4652173913044	29.9608695652174
-98.7739130434783	31.2086956521739	519	7-22	-100.026086956522	-97.521739130435	29.9608695652174	32.4565217391304
-98.7739130434783	33.704347826087	520	7-23	-100.026086956522	-97.521739130435	32.4565217391305	34.9521739130435
-98.7739130434783	36.2	521	7-24	-100.026086956522	-97.521739130435	34.9521739130435	37.4478260869565
-98.7739130434783	-16.2086956521739	522	7-3	-100.026086956522	-97.521739130435	-17.4565217391304	-14.9608695652174
-98.7739130434783	-13.7130434782609	523	7-4	-100.026086956522	-97.521739130435	-14.9608695652174	-12.4652173913044
-98.7739130434783	-11.2173913043478	524	7-5	-100.026086956522	-97.521739130435	-12.4652173913043	-9.9695652173913
-98.7739130434783	-8.72173913043478	525	7-6	-100.026086956522	-97.521739130435	-9.96956521739128	-7.47391304347828
-98.7739130434783	-6.22608695652174	526	7-7	-100.026086956522	-97.521739130435	-7.47391304347824	-4.97826086956524
-98.7739130434783	-3.73043478260869	527	7-8	-100.026086956522	-97.521739130435	-4.97826086956519	-2.48260869565219
-98.7739130434783	-1.23478260869565	528	7-9	-100.026086956522	-97.521739130435	-2.48260869565215	0.0130434782608488
-96.2695652173913	-21.2	529	8-1	-97.5217391304347	-95.017391304348	-22.4478260869565	-19.9521739130435
-96.2695652173913	1.26086956521739	530	8-10	-97.5217391304347	-95.017391304348	0.0130434782608913	2.50869565217389
-96.2695652173913	3.75652173913044	531	8-11	-97.5217391304347	-95.017391304348	2.50869565217394	5.00434782608694
-96.2695652173913	6.25217391304348	532	8-12	-97.5217391304347	-95.017391304348	5.00434782608698	7.49999999999998
-96.2695652173913	8.74782608695653	533	8-13	-97.5217391304347	-95.017391304348	7.50000000000003	9.99565217391303
-96.2695652173913	11.2434782608696	534	8-14	-97.5217391304347	-95.017391304348	9.9956521739131	12.4913043478261
-96.2695652173913	13.7391304347826	535	8-15	-97.5217391304347	-95.017391304348	12.4913043478261	14.9869565217391
-96.2695652173913	16.2347826086957	536	8-16	-97.5217391304347	-95.017391304348	14.9869565217392	17.4826086956522
-96.2695652173913	18.7304347826087	537	8-17	-97.5217391304347	-95.017391304348	17.4826086956522	19.9782608695652
-96.2695652173913	21.2260869565217	538	8-18	-97.5217391304347	-95.017391304348	19.9782608695652	22.4739130434782
-96.2695652173913	23.7217391304348	539	8-19	-97.5217391304347	-95.017391304348	22.4739130434783	24.9695652173913
-96.2695652173913	-18.704347826087	540	8-2	-97.5217391304347	-95.017391304348	-19.9521739130435	-17.4565217391305
-96.2695652173913	26.2173913043478	541	8-20	-97.5217391304347	-95.017391304348	24.9695652173913	27.4652173913043
-96.2695652173913	28.7130434782609	542	8-21	-97.5217391304347	-95.017391304348	27.4652173913044	29.9608695652174
-96.2695652173913	31.2086956521739	543	8-22	-97.5217391304347	-95.017391304348	29.9608695652174	32.4565217391304
-96.2695652173913	33.704347826087	544	8-23	-97.5217391304347	-95.017391304348	32.4565217391305	34.9521739130435
-96.2695652173913	36.2	545	8-24	-97.5217391304347	-95.017391304348	34.9521739130435	37.4478260869565
-96.2695652173913	-16.2086956521739	546	8-3	-97.5217391304347	-95.017391304348	-17.4565217391304	-14.9608695652174
-96.2695652173913	-13.7130434782609	547	8-4	-97.5217391304347	-95.017391304348	-14.9608695652174	-12.4652173913044
-96.2695652173913	-11.2173913043478	548	8-5	-97.5217391304347	-95.017391304348	-12.4652173913043	-9.9695652173913
-96.2695652173913	-8.72173913043478	549	8-6	-97.5217391304347	-95.017391304348	-9.96956521739128	-7.47391304347828
-96.2695652173913	-6.22608695652174	550	8-7	-97.5217391304347	-95.017391304348	-7.47391304347824	-4.97826086956524
-96.2695652173913	-3.73043478260869	551	8-8	-97.5217391304347	-95.017391304348	-4.97826086956519	-2.48260869565219
-96.2695652173913	-1.23478260869565	552	8-9	-97.5217391304347	-95.017391304348	-2.48260869565215	0.0130434782608488
-93.7652173913043	-21.2	553	9-1	-95.0173913043477	-92.513043478261	-22.4478260869565	-19.9521739130435
-93.7652173913043	1.26086956521739	554	9-10	-95.0173913043477	-92.513043478261	0.0130434782608913	2.50869565217389
-93.7652173913043	3.75652173913044	555	9-11	-95.0173913043477	-92.513043478261	2.50869565217394	5.00434782608694
-93.7652173913043	6.25217391304348	556	9-12	-95.0173913043477	-92.513043478261	5.00434782608698	7.49999999999998
-93.7652173913043	8.74782608695653	557	9-13	-95.0173913043477	-92.513043478261	7.50000000000003	9.99565217391303
-93.7652173913043	11.2434782608696	558	9-14	-95.0173913043477	-92.513043478261	9.9956521739131	12.4913043478261
-93.7652173913043	13.7391304347826	559	9-15	-95.0173913043477	-92.513043478261	12.4913043478261	14.9869565217391
-93.7652173913043	16.2347826086957	560	9-16	-95.0173913043477	-92.513043478261	14.9869565217392	17.4826086956522
-93.7652173913043	18.7304347826087	561	9-17	-95.0173913043477	-92.513043478261	17.4826086956522	19.9782608695652
-93.7652173913043	21.2260869565217	562	9-18	-95.0173913043477	-92.513043478261	19.9782608695652	22.4739130434782
-93.7652173913043	23.7217391304348	563	9-19	-95.0173913043477	-92.513043478261	22.4739130434783	24.9695652173913
-93.7652173913043	-18.704347826087	564	9-2	-95.0173913043477	-92.513043478261	-19.9521739130435	-17.4565217391305
-93.7652173913043	26.2173913043478	565	9-20	-95.0173913043477	-92.513043478261	24.9695652173913	27.4652173913043
-93.7652173913043	28.7130434782609	566	9-21	-95.0173913043477	-92.513043478261	27.4652173913044	29.9608695652174
-93.7652173913043	31.2086956521739	567	9-22	-95.0173913043477	-92.513043478261	29.9608695652174	32.4565217391304
-93.7652173913043	33.704347826087	568	9-23	-95.0173913043477	-92.513043478261	32.4565217391305	34.9521739130435
-93.7652173913043	36.2	569	9-24	-95.0173913043477	-92.513043478261	34.9521739130435	37.4478260869565
-93.7652173913043	-16.2086956521739	570	9-3	-95.0173913043477	-92.513043478261	-17.4565217391304	-14.9608695652174
-93.7652173913043	-13.7130434782609	571	9-4	-95.0173913043477	-92.513043478261	-14.9608695652174	-12.4652173913044
-93.7652173913043	-11.2173913043478	572	9-5	-95.0173913043477	-92.513043478261	-12.4652173913043	-9.9695652173913
-93.7652173913043	-8.72173913043478	573	9-6	-95.0173913043477	-92.513043478261	-9.96956521739128	-7.47391304347828
-93.7652173913043	-6.22608695652174	574	9-7	-95.0173913043477	-92.513043478261	-7.47391304347824	-4.97826086956524
-93.7652173913043	-3.73043478260869	575	9-8	-95.0173913043477	-92.513043478261	-4.97826086956519	-2.48260869565219
-93.7652173913043	-1.23478260869565	576	9-9	-95.0173913043477	-92.513043478261	-2.48260869565215	0.0130434782608488
